Code,Occupation,Job Family,Cluster
13-2011.00,accountants auditors,Business and Financial Operations,0
27-2011.00,actors,"Arts, Design, Entertainment, Sports, and Media",0
15-2011.00,actuaries,Computer and Mathematical,0
29-1291.00,acupuncturists,Healthcare Practitioners and Technical,0
29-1141.01,acute care nurses,Healthcare Practitioners and Technical,0
25-2059.01,adapted physical education specialists,Educational Instruction and Library,4
51-9191.00,adhesive bonding machine operators tenders,Production,0
23-1021.00,administrative law judges adjudicators hearing officers,Legal,0
11-3012.00,administrative services managers,Management,7
25-3011.00,adult basic education adult secondary education english second language instructors,Educational Instruction and Library,6
29-1141.02,advanced practice psychiatric nurses,Healthcare Practitioners and Technical,0
11-2011.00,advertising promotions managers,Management,7
41-3011.00,advertising sales agents,Sales and Related,3
17-3021.00,aerospace engineering operations technologists technicians,Architecture and Engineering,1
17-2011.00,aerospace engineers,Architecture and Engineering,9
13-1011.00,agents business managers artists performers athletes,Business and Financial Operations,7
17-2021.00,agricultural engineers,Architecture and Engineering,9
45-2091.00,agricultural equipment operators,"Farming, Fishing, and Forestry",5
45-2011.00,agricultural inspectors,"Farming, Fishing, and Forestry",0
25-1041.00,agricultural sciences teachers postsecondary,Educational Instruction and Library,2
19-4012.00,agricultural technicians,"Life, Physical, and Social Science",1
45-2099.00,agricultural workers,"Farming, Fishing, and Forestry",0
55-3011.00,air crew members,Military Specific,0
55-1011.00,air crew officers,Military Specific,0
53-2021.00,air traffic controllers,Transportation and Material Moving,0
53-1041.00,aircraft cargo handling supervisors,Transportation and Material Moving,0
55-1012.00,aircraft launch recovery officers,Military Specific,0
55-3012.00,aircraft launch recovery specialists,Military Specific,4
49-3011.00,aircraft mechanics service technicians,"Installation, Maintenance, and Repair",1
53-6032.00,aircraft service attendants,Transportation and Material Moving,0
51-2011.00,aircraft structure surfaces rigging systems assemblers,Production,0
53-2022.00,airfield operations specialists,Transportation and Material Moving,4
53-2011.00,airline pilots copilots flight engineers,Transportation and Material Moving,8
29-1229.01,allergists immunologists,Healthcare Practitioners and Technical,0
53-3011.00,ambulance drivers attendants except emergency medical technicians,Transportation and Material Moving,1
39-3091.00,amusement recreation attendants,Personal Care and Service,0
29-1071.01,anesthesiologist assistants,Healthcare Practitioners and Technical,0
29-1211.00,anesthesiologists,Healthcare Practitioners and Technical,0
45-2021.00,animal breeders,"Farming, Fishing, and Forestry",0
39-2021.00,animal caretakers,Personal Care and Service,0
33-9011.00,animal control workers,Protective Service,0
19-1011.00,animal scientists,"Life, Physical, and Social Science",0
39-2011.00,animal trainers,Personal Care and Service,0
19-3091.00,anthropologists archeologists,"Life, Physical, and Social Science",0
25-1061.00,anthropology archeology teachers postsecondary,Educational Instruction and Library,2
13-2023.00,appraisers assessors real estate,Business and Financial Operations,0
13-2022.00,appraisers personal business property,Business and Financial Operations,0
23-1022.00,arbitrators mediators conciliators,Legal,0
17-1011.00,architects except landscape naval,Architecture and Engineering,0
17-3011.00,architectural civil drafters,Architecture and Engineering,0
11-9041.00,architectural engineering managers,Management,7
25-1031.00,architecture teachers postsecondary,Educational Instruction and Library,2
25-4011.00,archivists,Educational Instruction and Library,0
25-1062.00,area ethnic cultural studies teachers postsecondary,Educational Instruction and Library,2
55-3013.00,armored assault vehicle crew members,Military Specific,0
55-1013.00,armored assault vehicle officers,Military Specific,0
27-1011.00,art directors,"Arts, Design, Entertainment, Sports, and Media",0
29-1129.01,art therapists,Healthcare Practitioners and Technical,0
25-1121.00,art drama music teachers postsecondary,Educational Instruction and Library,2
55-3014.00,artillery missile crew members,Military Specific,0
55-1014.00,artillery missile officers,Military Specific,0
27-1019.00,artists related workers,"Arts, Design, Entertainment, Sports, and Media",0
51-2099.00,assemblers fabricators,Production,0
19-2011.00,astronomers,"Life, Physical, and Social Science",0
27-2021.00,athletes sports competitors,"Arts, Design, Entertainment, Sports, and Media",0
29-9091.00,athletic trainers,Healthcare Practitioners and Technical,0
19-2021.00,atmospheric space scientists,"Life, Physical, and Social Science",0
25-1051.00,atmospheric earth marine space sciences teachers postsecondary,Educational Instruction and Library,2
27-4011.00,audio video technicians,"Arts, Design, Entertainment, Sports, and Media",1
29-1181.00,audiologists,Healthcare Practitioners and Technical,0
49-2097.00,audiovisual equipment installers repairers,"Installation, Maintenance, and Repair",5
53-6031.00,automotive watercraft service attendants,Transportation and Material Moving,0
49-3021.00,automotive body related repairers,"Installation, Maintenance, and Repair",0
17-3027.01,automotive engineering technicians,Architecture and Engineering,1
17-2141.02,automotive engineers,Architecture and Engineering,9
49-3022.00,automotive glass installers repairers,"Installation, Maintenance, and Repair",0
49-3023.00,automotive service technicians mechanics,"Installation, Maintenance, and Repair",1
53-6051.01,aviation inspectors,Transportation and Material Moving,0
49-2091.00,avionics technicians,"Installation, Maintenance, and Repair",1
39-6011.00,baggage porters bellhops,Personal Care and Service,0
33-3011.00,bailiffs,Protective Service,0
51-3011.00,bakers,Production,0
39-5011.00,barbers,Personal Care and Service,0
35-3023.01,baristas,Food Preparation and Serving Related,0
35-3011.00,bartenders,Food Preparation and Serving Related,0
49-3091.00,bicycle repairers,"Installation, Maintenance, and Repair",0
43-3011.00,bill account collectors,Office and Administrative Support,0
43-3021.00,billing posting clerks,Office and Administrative Support,0
19-1021.00,biochemists biophysicists,"Life, Physical, and Social Science",0
17-2031.00,bioengineers biomedical engineers,Architecture and Engineering,9
51-8099.01,biofuels processing technicians,Production,1
11-3051.03,biofuels production managers,Management,7
11-9041.01,biofuelsbiodiesel technology product development managers,Management,7
19-1029.01,bioinformatics scientists,"Life, Physical, and Social Science",0
15-2099.01,bioinformatics technicians,Computer and Mathematical,1
25-1042.00,biological science teachers postsecondary,Educational Instruction and Library,2
19-1029.00,biological scientists,"Life, Physical, and Social Science",0
19-4021.00,biological technicians,"Life, Physical, and Social Science",1
19-1029.04,biologists,"Life, Physical, and Social Science",0
51-8013.03,biomass plant technicians,Production,1
11-3051.04,biomass power plant managers,Management,7
15-2041.01,biostatisticians,Computer and Mathematical,0
15-1299.07,blockchain engineers,Computer and Mathematical,9
47-2011.00,boilermakers,Construction and Extraction,0
43-3031.00,bookkeeping accounting auditing clerks,Office and Administrative Support,0
47-2021.00,brickmasons blockmasons,Construction and Extraction,0
53-6011.00,bridge lock tenders,Transportation and Material Moving,0
27-3011.00,broadcast announcers radio disc jockeys,"Arts, Design, Entertainment, Sports, and Media",0
27-4012.00,broadcast technicians,"Arts, Design, Entertainment, Sports, and Media",1
43-4011.00,brokerage clerks,Office and Administrative Support,0
11-9199.11,brownfield redevelopment specialists site managers,Management,7
13-2031.00,budget analysts,Business and Financial Operations,0
37-2019.00,building cleaning workers,Building and Grounds Cleaning and Maintenance,0
49-3031.00,bus truck mechanics diesel engine specialists,"Installation, Maintenance, and Repair",4
53-3051.00,bus drivers school,Transportation and Material Moving,0
53-3052.00,bus drivers transit intercity,Transportation and Material Moving,0
13-1199.04,business continuity planners,Business and Financial Operations,0
15-2051.01,business intelligence analysts,Computer and Mathematical,0
13-1199.00,business operations specialists,Business and Financial Operations,4
25-1011.00,business teachers postsecondary,Educational Instruction and Library,2
51-3021.00,butchers meat cutters,Production,0
13-1021.00,buyers purchasing agents farm products,Business and Financial Operations,3
51-7011.00,cabinetmakers bench carpenters,Production,0
17-3028.00,calibration technologists technicians,Architecture and Engineering,1
49-9061.00,camera photographic equipment repairers,"Installation, Maintenance, and Repair",5
27-4031.00,camera operators television video film,"Arts, Design, Entertainment, Sports, and Media",0
53-5021.00,captains mates pilots water vessels,Transportation and Material Moving,8
29-1212.00,cardiologists,Healthcare Practitioners and Technical,0
29-2031.00,cardiovascular technologists technicians,Healthcare Practitioners and Technical,1
25-2023.00,careertechnical education teachers middle school,Educational Instruction and Library,6
25-1194.00,careertechnical education teachers postsecondary,Educational Instruction and Library,2
25-2032.00,careertechnical education teachers secondary school,Educational Instruction and Library,6
43-5011.00,cargo freight agents,Office and Administrative Support,0
47-2031.00,carpenters,Construction and Extraction,0
47-2041.00,carpet installers,Construction and Extraction,0
17-1021.00,cartographers photogrammetrists,Architecture and Engineering,0
41-2011.00,cashiers,Sales and Related,0
47-2051.00,cement masons concrete finishers,Construction and Extraction,0
35-1011.00,chefs head cooks,Food Preparation and Serving Related,0
17-2041.00,chemical engineers,Architecture and Engineering,9
51-9011.00,chemical equipment operators tenders,Production,5
51-8091.00,chemical plant system operators,Production,0
19-4031.00,chemical technicians,"Life, Physical, and Social Science",1
25-1052.00,chemistry teachers postsecondary,Educational Instruction and Library,2
19-2031.00,chemists,"Life, Physical, and Social Science",0
11-1011.00,chief executives,Management,0
11-1011.03,chief sustainability officers,Management,0
21-1021.00,child family school social workers,Community and Social Service,0
39-9011.00,childcare workers,Personal Care and Service,0
29-1011.00,chiropractors,Healthcare Practitioners and Technical,0
27-2032.00,choreographers,"Arts, Design, Entertainment, Sports, and Media",0
17-3022.00,civil engineering technologists technicians,Architecture and Engineering,1
17-2051.00,civil engineers,Architecture and Engineering,9
13-1031.00,claims adjusters examiners investigators,Business and Financial Operations,0
53-7061.00,cleaners vehicles equipment,Transportation and Material Moving,5
51-9192.00,cleaning washing metal pickling equipment operators tenders,Production,5
21-2011.00,clergy,Community and Social Service,0
19-2041.01,climate change policy analysts,"Life, Physical, and Social Science",0
19-3033.00,clinical counseling psychologists,"Life, Physical, and Social Science",0
15-2051.02,clinical data managers,Computer and Mathematical,7
19-3039.03,clinical neuropsychologists,"Life, Physical, and Social Science",0
29-1141.04,clinical nurse specialists,Healthcare Practitioners and Technical,4
11-9121.01,clinical research coordinators,Management,0
27-2022.00,coaches scouts,"Arts, Design, Entertainment, Sports, and Media",0
51-9124.00,coating painting spraying machine setters operators tenders,Production,0
51-2021.00,coil winders tapers finishers,Production,0
49-9091.00,coin vending amusement machine servicers repairers,"Installation, Maintenance, and Repair",0
55-1015.00,command control center officers,Military Specific,0
55-3015.00,command control center specialists,Military Specific,4
27-1021.00,commercial industrial designers,"Arts, Design, Entertainment, Sports, and Media",8
49-9092.00,commercial divers,"Installation, Maintenance, and Repair",8
53-2012.00,commercial pilots,Transportation and Material Moving,8
43-2099.00,communications equipment operators,Office and Administrative Support,5
25-1122.00,communications teachers postsecondary,Educational Instruction and Library,2
21-1099.00,community social service specialists,Community and Social Service,4
21-1094.00,community health workers,Community and Social Service,0
11-3111.00,compensation benefits managers,Management,7
13-1141.00,compensation benefits job analysis specialists,Business and Financial Operations,4
11-9199.02,compliance managers,Management,7
13-1041.00,compliance officers,Business and Financial Operations,0
15-1221.00,computer information research scientists,Computer and Mathematical,0
11-3021.00,computer information systems managers,Management,7
17-2061.00,computer hardware engineers,Architecture and Engineering,9
15-1241.00,computer network architects,Computer and Mathematical,0
15-1231.00,computer network support specialists,Computer and Mathematical,4
51-9161.00,computer numerically controlled tool operators,Production,0
51-9162.00,computer numerically controlled tool programmers,Production,0
15-1299.00,computer occupations,Computer and Mathematical,0
15-1251.00,computer programmers,Computer and Mathematical,0
25-1021.00,computer science teachers postsecondary,Educational Instruction and Library,2
15-1211.00,computer systems analysts,Computer and Mathematical,0
15-1299.08,computer systems engineersarchitects,Computer and Mathematical,0
15-1232.00,computer user support specialists,Computer and Mathematical,4
49-2011.00,computer automated teller office machine repairers,"Installation, Maintenance, and Repair",0
39-6012.00,concierges,Personal Care and Service,0
19-1031.00,conservation scientists,"Life, Physical, and Social Science",0
47-4011.00,construction building inspectors,Construction and Extraction,0
47-4099.00,construction related workers,Construction and Extraction,0
47-2061.00,construction laborers,Construction and Extraction,0
11-9021.00,construction managers,Management,7
47-5041.00,continuous mining machine operators,Construction and Extraction,0
49-9012.00,control valve installers repairers except mechanical door,"Installation, Maintenance, and Repair",0
53-7011.00,conveyor operators tenders,Transportation and Material Moving,0
35-2019.00,cooks,Food Preparation and Serving Related,0
35-2011.00,cooks fast food,Food Preparation and Serving Related,0
35-2012.00,cooks institution cafeteria,Food Preparation and Serving Related,0
35-2013.00,cooks private household,Food Preparation and Serving Related,0
35-2014.00,cooks restaurant,Food Preparation and Serving Related,0
35-2015.00,cooks short order,Food Preparation and Serving Related,0
51-9193.00,cooling freezing equipment operators tenders,Production,5
13-1041.06,coroners,Business and Financial Operations,0
33-3012.00,correctional officers jailers,Protective Service,0
43-4021.00,correspondence clerks,Office and Administrative Support,0
13-1051.00,cost estimators,Business and Financial Operations,0
39-3092.00,costume attendants,Personal Care and Service,0
21-1019.00,counselors,Community and Social Service,0
41-2021.00,counter rental clerks,Sales and Related,0
43-5021.00,couriers messengers,Office and Administrative Support,0
27-3092.00,court reporters simultaneous captioners,"Arts, Design, Entertainment, Sports, and Media",0
43-4031.00,court municipal license clerks,Office and Administrative Support,0
27-1012.00,craft artists,"Arts, Design, Entertainment, Sports, and Media",0
53-7021.00,crane tower operators,Transportation and Material Moving,0
13-2041.00,credit analysts,Business and Financial Operations,0
43-4041.00,credit authorizers checkers clerks,Office and Administrative Support,0
13-2071.00,credit counselors,Business and Financial Operations,0
39-4012.00,crematory operators,Personal Care and Service,0
25-1111.00,criminal justice law enforcement teachers postsecondary,Educational Instruction and Library,2
29-1141.03,critical care nurses,Healthcare Practitioners and Technical,0
33-9091.00,crossing guards flaggers,Protective Service,0
51-9021.00,crushing grinding polishing machine setters operators tenders,Production,0
25-4012.00,curators,Educational Instruction and Library,0
43-4051.00,customer service representatives,Office and Administrative Support,3
33-3051.04,customs border protection officers,Protective Service,0
13-1041.08,customs brokers,Business and Financial Operations,0
51-9031.00,cutters trimmers hand,Production,0
51-9032.00,cutting slicing machine setters operators tenders,Production,0
51-4031.00,cutting punching press machine setters operators tenders metal plastic,Production,0
29-2011.01,cytogenetic technologists,Healthcare Practitioners and Technical,0
29-2011.02,cytotechnologists,Healthcare Practitioners and Technical,0
27-2031.00,dancers,"Arts, Design, Entertainment, Sports, and Media",0
43-9021.00,data entry keyers,Office and Administrative Support,0
15-2051.00,data scientists,Computer and Mathematical,0
15-1243.01,data warehousing specialists,Computer and Mathematical,4
15-1242.00,database administrators,Computer and Mathematical,0
15-1243.00,database architects,Computer and Mathematical,0
41-9011.00,demonstrators product promoters,Sales and Related,0
31-9091.00,dental assistants,Healthcare Support,0
29-1292.00,dental hygienists,Healthcare Practitioners and Technical,0
51-9081.00,dental laboratory technicians,Production,1
29-1029.00,dentists specialists,Healthcare Practitioners and Technical,4
29-1021.00,dentists general,Healthcare Practitioners and Technical,0
29-1213.00,dermatologists,Healthcare Practitioners and Technical,0
47-5011.00,derrick operators oil gas,Construction and Extraction,0
27-1029.00,designers,"Arts, Design, Entertainment, Sports, and Media",0
43-9031.00,desktop publishers,Office and Administrative Support,0
33-3021.00,detectives criminal investigators,Protective Service,0
29-2032.00,diagnostic medical sonographers,Healthcare Practitioners and Technical,0
29-2051.00,dietetic technicians,Healthcare Practitioners and Technical,1
29-1031.00,dietitians nutritionists,Healthcare Practitioners and Technical,0
15-1299.06,digital forensics analysts,Computer and Mathematical,0
35-9011.00,dining room cafeteria attendants bartender helpers,Food Preparation and Serving Related,0
21-2021.00,directors religious activities education,Community and Social Service,0
27-2091.00,disc jockeys except radio,"Arts, Design, Entertainment, Sports, and Media",0
35-9021.00,dishwashers,Food Preparation and Serving Related,0
43-5032.00,dispatchers except police fire ambulance,Office and Administrative Support,0
15-1299.03,document management specialists,Computer and Mathematical,4
41-9091.00,doortodoor sales workers news street vendors related workers,Sales and Related,3
17-3019.00,drafters,Architecture and Engineering,0
53-7031.00,dredge operators,Transportation and Material Moving,0
51-4032.00,drilling boring machine tool setters operators tenders metal plastic,Production,0
53-3031.00,driversales workers,Transportation and Material Moving,0
47-2081.00,drywall ceiling tile installers,Construction and Extraction,0
47-5023.00,earth drillers except oil gas,Construction and Extraction,0
25-1063.00,economics teachers postsecondary,Educational Instruction and Library,2
19-3011.00,economists,"Life, Physical, and Social Science",0
27-3041.00,editors,"Arts, Design, Entertainment, Sports, and Media",0
11-9039.00,education administrators,Management,6
11-9032.00,education administrators kindergarten secondary,Management,6
11-9033.00,education administrators postsecondary,Management,6
11-9031.00,education childcare administrators preschool daycare,Management,6
25-1081.00,education teachers postsecondary,Educational Instruction and Library,2
25-9099.00,educational instruction library workers,Educational Instruction and Library,0
21-1012.00,educational guidance career counselors advisors,Community and Social Service,0
49-2092.00,electric motor power tool related repairers,"Installation, Maintenance, and Repair",0
17-3023.00,electrical electronic engineering technologists technicians,Architecture and Engineering,1
51-2022.00,electrical electronic equipment assemblers,Production,5
17-3012.00,electrical electronics drafters,Architecture and Engineering,0
49-2093.00,electrical electronics installers repairers transportation equipment,"Installation, Maintenance, and Repair",5
49-2094.00,electrical electronics repairers commercial industrial equipment,"Installation, Maintenance, and Repair",8
49-2095.00,electrical electronics repairers powerhouse substation relay,"Installation, Maintenance, and Repair",0
17-2071.00,electrical engineers,Architecture and Engineering,9
49-9051.00,electrical powerline installers repairers,"Installation, Maintenance, and Repair",0
47-2111.00,electricians,Construction and Extraction,0
17-3024.00,electromechanical mechatronics technologists technicians,Architecture and Engineering,1
51-2023.00,electromechanical equipment assemblers,Production,5
49-2096.00,electronic equipment installers repairers motor vehicles,"Installation, Maintenance, and Repair",5
17-2072.00,electronics engineers except computer,Architecture and Engineering,9
25-2021.00,elementary school teachers except special education,Educational Instruction and Library,6
47-4021.00,elevator escalator installers repairers,Construction and Extraction,0
43-4061.00,eligibility interviewers government programs,Office and Administrative Support,0
39-4011.00,embalmers,Personal Care and Service,0
11-9161.00,emergency management directors,Management,0
29-2042.00,emergency medical technicians,Healthcare Practitioners and Technical,1
29-1214.00,emergency medicine physicians,Healthcare Practitioners and Technical,0
31-9099.02,endoscopy technicians,Healthcare Support,1
47-4011.01,energy auditors,Construction and Extraction,0
17-2199.03,energy engineers except wind solar,Architecture and Engineering,9
51-2031.00,engine machine assemblers,Production,0
25-1032.00,engineering teachers postsecondary,Educational Instruction and Library,2
17-3029.00,engineering technologists technicians except drafters,Architecture and Engineering,1
17-2199.00,engineers,Architecture and Engineering,9
25-1123.00,english language literature teachers postsecondary,Educational Instruction and Library,2
27-2099.00,entertainers performers sports related workers,"Arts, Design, Entertainment, Sports, and Media",0
11-9072.00,entertainment recreation managers except gambling,Management,7
39-3099.00,entertainment attendants related workers,Personal Care and Service,0
13-1041.01,environmental compliance inspectors,Business and Financial Operations,0
19-3011.01,environmental economists,"Life, Physical, and Social Science",0
17-3025.00,environmental engineering technologists technicians,Architecture and Engineering,1
17-2081.00,environmental engineers,Architecture and Engineering,9
19-2041.02,environmental restoration planners,"Life, Physical, and Social Science",0
19-4042.00,environmental science protection technicians including health,"Life, Physical, and Social Science",1
25-1053.00,environmental science teachers postsecondary,Educational Instruction and Library,2
19-2041.00,environmental scientists specialists including health,"Life, Physical, and Social Science",4
19-1041.00,epidemiologists,"Life, Physical, and Social Science",0
13-1041.03,equal opportunity representatives officers,Business and Financial Operations,3
51-9194.00,etchers engravers,Production,0
47-5022.00,excavating loading machine dragline operators surface mining,Construction and Extraction,0
43-6011.00,executive secretaries executive administrative assistants,Office and Administrative Support,0
29-1128.00,exercise physiologists,Healthcare Practitioners and Technical,0
39-9031.00,exercise trainers group fitness instructors,Personal Care and Service,0
47-5032.00,explosives workers ordnance handling experts blasters,Construction and Extraction,0
47-5099.00,extraction workers,Construction and Extraction,0
51-4021.00,extruding drawing machine setters operators tenders metal plastic,Production,0
51-6091.00,extruding forming machine setters operators tenders synthetic glass fibers,Production,0
51-9041.00,extruding forming pressing compacting machine setters operators tenders,Production,0
51-6092.00,fabric apparel patternmakers,Production,0
11-3013.00,facilities managers,Management,7
45-4021.00,fallers,"Farming, Fishing, and Forestry",0
25-1192.00,family consumer sciences teachers postsecondary,Educational Instruction and Library,2
29-1215.00,family medicine physicians,Healthcare Practitioners and Technical,0
25-9021.00,farm home management educators,Educational Instruction and Library,0
49-3041.00,farm equipment mechanics service technicians,"Installation, Maintenance, and Repair",5
13-1074.00,farm labor contractors,Business and Financial Operations,0
11-9013.00,farmers ranchers agricultural managers,Management,7
45-2092.00,farmworkers laborers crop nursery greenhouse,"Farming, Fishing, and Forestry",0
45-2093.00,farmworkers farm ranch aquacultural animals,"Farming, Fishing, and Forestry",0
27-1022.00,fashion designers,"Arts, Design, Entertainment, Sports, and Media",0
35-3023.00,fast food counter workers,Food Preparation and Serving Related,0
47-4031.00,fence erectors,Construction and Extraction,0
51-2051.00,fiberglass laminators fabricators,Production,0
43-4071.00,file clerks,Office and Administrative Support,0
27-4032.00,film video editors,"Arts, Design, Entertainment, Sports, and Media",0
13-2051.00,financial investment analysts,Business and Financial Operations,0
43-3099.00,financial clerks,Office and Administrative Support,0
13-2061.00,financial examiners,Business and Financial Operations,0
11-3031.00,financial managers,Management,7
13-2099.01,financial quantitative analysts,Business and Financial Operations,0
13-2054.00,financial risk specialists,Business and Financial Operations,4
13-2099.00,financial specialists,Business and Financial Operations,4
27-1013.00,fine artists including painters sculptors illustrators,"Arts, Design, Entertainment, Sports, and Media",0
33-2021.00,fire inspectors investigators,Protective Service,0
17-2111.02,fireprevention protection engineers,Architecture and Engineering,9
33-2011.00,firefighters,Protective Service,0
55-2011.00,firstline supervisors air crew members,Military Specific,0
55-2013.00,firstline supervisors tactical operations specialists,Military Specific,4
47-1011.00,firstline supervisors construction trades extraction workers,Construction and Extraction,0
33-1011.00,firstline supervisors correctional officers,Protective Service,0
39-1014.00,firstline supervisors entertainment recreation workers except gambling services,Personal Care and Service,0
45-1011.00,firstline supervisors farming fishing forestry workers,"Farming, Fishing, and Forestry",0
33-1021.00,firstline supervisors firefighting prevention workers,Protective Service,0
35-1012.00,firstline supervisors food preparation serving workers,Food Preparation and Serving Related,0
39-1013.00,firstline supervisors gambling services workers,Personal Care and Service,0
53-1042.00,firstline supervisors helpers laborers material movers hand,Transportation and Material Moving,0
37-1011.00,firstline supervisors housekeeping janitorial workers,Building and Grounds Cleaning and Maintenance,0
37-1012.00,firstline supervisors landscaping lawn service groundskeeping workers,Building and Grounds Cleaning and Maintenance,0
53-1043.00,firstline supervisors materialmoving machine vehicle operators,Transportation and Material Moving,0
49-1011.00,firstline supervisors mechanics installers repairers,"Installation, Maintenance, and Repair",0
41-1012.00,firstline supervisors nonretail sales workers,Sales and Related,3
43-1011.00,firstline supervisors office administrative support workers,Office and Administrative Support,0
53-1044.00,firstline supervisors passenger attendants,Transportation and Material Moving,0
39-1022.00,firstline supervisors personal service workers,Personal Care and Service,0
33-1012.00,firstline supervisors police detectives,Protective Service,0
51-1011.00,firstline supervisors production operating workers,Production,0
33-1099.00,firstline supervisors protective service workers,Protective Service,0
41-1011.00,firstline supervisors retail sales workers,Sales and Related,3
33-1091.00,firstline supervisors security workers,Protective Service,0
53-1049.00,firstline supervisors transportation workers,Transportation and Material Moving,0
55-2012.00,firstline supervisors weapons specialistscrew members,Military Specific,0
33-3031.00,fish game wardens,Protective Service,0
45-3031.00,fishing hunting workers,"Farming, Fishing, and Forestry",0
11-9179.01,fitness wellness coordinators,Management,0
53-2031.00,flight attendants,Transportation and Material Moving,0
47-2042.00,floor layers except carpet wood hard tiles,Construction and Extraction,0
47-2043.00,floor sanders finishers,Construction and Extraction,0
27-1023.00,floral designers,"Arts, Design, Entertainment, Sports, and Media",0
51-3091.00,food tobacco roasting baking drying machine operators tenders,Production,0
51-3092.00,food batchmakers,Production,0
51-3093.00,food cooking machine operators tenders,Production,0
35-9099.00,food preparation serving related workers,Food Preparation and Serving Related,0
35-2021.00,food preparation workers,Food Preparation and Serving Related,0
51-3099.00,food processing workers,Production,0
19-4013.00,food science technicians,"Life, Physical, and Social Science",1
19-1012.00,food scientists technologists,"Life, Physical, and Social Science",0
35-3041.00,food servers nonrestaurant,Food Preparation and Serving Related,0
11-9051.00,food service managers,Management,7
25-1124.00,foreign language literature teachers postsecondary,Educational Instruction and Library,2
19-4092.00,forensic science technicians,"Life, Physical, and Social Science",1
19-4071.00,forest conservation technicians,"Life, Physical, and Social Science",1
45-4011.00,forest conservation workers,"Farming, Fishing, and Forestry",0
33-2022.00,forest fire inspectors prevention specialists,Protective Service,4
19-1032.00,foresters,"Life, Physical, and Social Science",0
25-1043.00,forestry conservation science teachers postsecondary,Educational Instruction and Library,2
51-4022.00,forging machine setters operators tenders metal plastic,Production,0
51-4071.00,foundry mold coremakers,Production,0
13-2099.04,fraud examiners investigators analysts,Business and Financial Operations,0
43-5011.01,freight forwarders,Office and Administrative Support,0
17-2141.01,fuel cell engineers,Architecture and Engineering,9
13-1131.00,fundraisers,Business and Financial Operations,0
11-2033.00,fundraising managers,Management,7
39-4021.00,funeral attendants,Personal Care and Service,0
11-9171.00,funeral home managers,Management,7
51-9051.00,furnace kiln oven drier kettle operators tenders,Production,0
51-7021.00,furniture finishers,Production,0
39-3012.00,gambling sports book writers runners,Personal Care and Service,0
43-3041.00,gambling cage workers,Office and Administrative Support,0
41-2012.00,gambling change persons booth cashiers,Sales and Related,0
39-3011.00,gambling dealers,Personal Care and Service,0
11-9071.00,gambling managers,Management,7
39-3019.00,gambling service workers,Personal Care and Service,0
33-9031.00,gambling surveillance officers gambling investigators,Protective Service,0
53-7071.00,gas compressor gas pumping station operators,Transportation and Material Moving,0
51-8092.00,gas plant operators,Production,0
51-9071.06,gem diamond workers,Production,0
11-1021.00,general operations managers,Management,7
29-1216.00,general internal medicine physicians,Healthcare Practitioners and Technical,0
29-9092.00,genetic counselors,Healthcare Practitioners and Technical,0
19-1029.03,geneticists,"Life, Physical, and Social Science",0
17-1022.01,geodetic surveyors,Architecture and Engineering,0
19-3092.00,geographers,"Life, Physical, and Social Science",0
15-1299.02,geographic information systems technologists technicians,Computer and Mathematical,1
25-1064.00,geography teachers postsecondary,Educational Instruction and Library,2
19-4043.00,geological technicians except hydrologic technicians,"Life, Physical, and Social Science",1
19-2042.00,geoscientists except hydrologists geographers,"Life, Physical, and Social Science",0
11-3051.02,geothermal production managers,Management,7
49-9099.01,geothermal technicians,"Installation, Maintenance, and Repair",1
51-9195.04,glass blowers molders benders finishers,Production,0
47-2121.00,glaziers,Construction and Extraction,0
13-1041.04,government property inspectors investigators,Business and Financial Operations,0
45-2041.00,graders sorters agricultural products,"Farming, Fishing, and Forestry",3
27-1024.00,graphic designers,"Arts, Design, Entertainment, Sports, and Media",0
51-9022.00,grinding polishing workers hand,Production,0
51-4033.00,grinding lapping polishing buffing machine tool setters operators tenders metal plastic,Production,0
37-3019.00,grounds maintenance workers,Building and Grounds Cleaning and Maintenance,0
39-5012.00,hairdressers hairstylists cosmetologists,Personal Care and Service,0
47-4041.00,hazardous materials removal workers,Construction and Extraction,0
17-2111.00,health safety engineers except mining safety engineers inspectors,Architecture and Engineering,9
21-1091.00,health education specialists,Community and Social Service,4
15-1211.01,health informatics specialists,Computer and Mathematical,4
29-9021.00,health information technologists medical registrars,Healthcare Practitioners and Technical,0
25-1071.00,health specialties teachers postsecondary,Educational Instruction and Library,2
29-2099.00,health technologists technicians,Healthcare Practitioners and Technical,1
29-1299.00,healthcare diagnosing treating practitioners,Healthcare Practitioners and Technical,0
29-9099.00,healthcare practitioners technical workers,Healthcare Practitioners and Technical,3
21-1022.00,healthcare social workers,Community and Social Service,0
31-9099.00,healthcare support workers,Healthcare Support,0
29-2092.00,hearing aid specialists,Healthcare Practitioners and Technical,4
51-4191.00,heat treating equipment setters operators tenders metal plastic,Production,5
49-9021.00,heating air conditioning refrigeration mechanics installers,"Installation, Maintenance, and Repair",0
53-3032.00,heavy tractortrailer truck drivers,Transportation and Material Moving,0
47-3019.00,helpers construction trades,Construction and Extraction,0
47-3011.00,helpersbrickmasons blockmasons stonemasons tile marble setters,Construction and Extraction,0
47-3012.00,helperscarpenters,Construction and Extraction,0
47-3013.00,helperselectricians,Construction and Extraction,0
47-5081.00,helpersextraction workers,Construction and Extraction,0
49-9098.00,helpersinstallation maintenance repair workers,"Installation, Maintenance, and Repair",0
47-3014.00,helperspainters paperhangers plasterers stucco masons,Construction and Extraction,0
47-3015.00,helperspipelayers plumbers pipefitters steamfitters,Construction and Extraction,0
51-9198.00,helpersproduction workers,Production,0
47-3016.00,helpersroofers,Construction and Extraction,0
47-4051.00,highway maintenance workers,Construction and Extraction,0
29-2012.01,histology technicians,Healthcare Practitioners and Technical,1
19-3093.00,historians,"Life, Physical, and Social Science",0
25-1125.00,history teachers postsecondary,Educational Instruction and Library,2
29-2011.04,histotechnologists,Healthcare Practitioners and Technical,0
53-7041.00,hoist winch operators,Transportation and Material Moving,0
49-9031.00,home appliance repairers,"Installation, Maintenance, and Repair",0
31-1121.00,home health aides,Healthcare Support,0
29-1229.02,hospitalists,Healthcare Practitioners and Technical,0
35-9031.00,hosts hostesses restaurant lounge coffee shop,Food Preparation and Serving Related,0
43-4081.00,hotel motel resort desk clerks,Office and Administrative Support,0
17-2112.01,human factors engineers ergonomists,Architecture and Engineering,9
43-4161.00,human resources assistants except payroll timekeeping,Office and Administrative Support,0
11-3121.00,human resources managers,Management,7
13-1071.00,human resources specialists,Business and Financial Operations,4
51-8013.04,hydroelectric plant technicians,Production,1
11-3051.06,hydroelectric production managers,Management,7
19-4044.00,hydrologic technicians,"Life, Physical, and Social Science",1
19-2043.00,hydrologists,"Life, Physical, and Social Science",0
19-2041.03,industrial ecologists,"Life, Physical, and Social Science",0
17-3026.00,industrial engineering technologists technicians,Architecture and Engineering,1
17-2112.00,industrial engineers,Architecture and Engineering,9
49-9041.00,industrial machinery mechanics,"Installation, Maintenance, and Repair",0
11-3051.00,industrial production managers,Management,7
53-7051.00,industrial truck tractor operators,Transportation and Material Moving,0
19-3032.00,industrialorganizational psychologists,"Life, Physical, and Social Science",0
55-3016.00,infantry,Military Specific,0
55-1016.00,infantry officers,Military Specific,0
43-4199.00,information record clerks,Office and Administrative Support,0
15-1212.00,information security analysts,Computer and Mathematical,0
15-1299.05,information security engineers,Computer and Mathematical,9
15-1299.09,information technology project managers,Computer and Mathematical,7
51-9061.00,inspectors testers sorters samplers weighers,Production,0
49-9099.00,installation maintenance repair workers,"Installation, Maintenance, and Repair",0
25-9031.00,instructional coordinators,Educational Instruction and Library,0
47-2131.00,insulation workers floor ceiling wall,Construction and Extraction,0
47-2132.00,insulation workers mechanical,Construction and Extraction,0
13-1032.00,insurance appraisers auto damage,Business and Financial Operations,0
43-9041.00,insurance claims policy processing clerks,Office and Administrative Support,0
41-3021.00,insurance sales agents,Sales and Related,3
13-2053.00,insurance underwriters,Business and Financial Operations,0
33-3021.06,intelligence analysts,Protective Service,0
27-1025.00,interior designers,"Arts, Design, Entertainment, Sports, and Media",0
27-3091.00,interpreters translators,"Arts, Design, Entertainment, Sports, and Media",0
43-4111.00,interviewers except eligibility loan,Office and Administrative Support,0
11-3031.03,investment fund managers,Management,7
37-2011.00,janitors cleaners except maids housekeeping cleaners,Building and Grounds Cleaning and Maintenance,0
51-9071.00,jewelers precious stone metal workers,Production,0
23-1023.00,judges magistrate judges magistrates,Legal,0
23-1012.00,judicial law clerks,Legal,0
25-2012.00,kindergarten teachers except special education,Educational Instruction and Library,6
13-1075.00,labor relations specialists,Business and Financial Operations,4
53-7062.00,laborers freight stock material movers hand,Transportation and Material Moving,0
17-1012.00,landscape architects,Architecture and Engineering,0
37-3011.00,landscaping groundskeeping workers,Building and Grounds Cleaning and Maintenance,0
51-4034.00,lathe turning machine tool setters operators tenders metal plastic,Production,0
51-6011.00,laundry drycleaning workers,Production,0
25-1112.00,law teachers postsecondary,Educational Instruction and Library,2
23-1011.00,lawyers,Legal,0
51-4192.00,layout workers metal plastic,Production,0
43-6012.00,legal secretaries administrative assistants,Office and Administrative Support,0
23-2099.00,legal support workers,Legal,0
11-1031.00,legislators,Management,0
25-4022.00,librarians media collections specialists,Educational Instruction and Library,4
43-4121.00,library assistants clerical,Office and Administrative Support,0
25-1082.00,library science teachers postsecondary,Educational Instruction and Library,2
25-4031.00,library technicians,Educational Instruction and Library,1
29-2061.00,licensed practical licensed vocational nurses,Healthcare Practitioners and Technical,0
19-1099.00,life scientists,"Life, Physical, and Social Science",0
19-4099.00,life physical social science technicians,"Life, Physical, and Social Science",1
33-9092.00,lifeguards ski patrol recreational protective service workers,Protective Service,0
53-3033.00,light truck drivers,Transportation and Material Moving,0
27-4015.00,lighting technicians,"Arts, Design, Entertainment, Sports, and Media",1
47-5044.00,loading moving machine operators underground mining,Construction and Extraction,0
43-4131.00,loan interviewers clerks,Office and Administrative Support,0
13-2072.00,loan officers,Business and Financial Operations,0
39-3093.00,locker room coatroom dressing room attendants,Personal Care and Service,0
49-9094.00,locksmiths safe repairers,"Installation, Maintenance, and Repair",0
53-4011.00,locomotive engineers,Transportation and Material Moving,9
11-9081.00,lodging managers,Management,7
45-4023.00,log graders scalers,"Farming, Fishing, and Forestry",0
45-4022.00,logging equipment operators,"Farming, Fishing, and Forestry",5
45-4029.00,logging workers,"Farming, Fishing, and Forestry",0
13-1081.00,logisticians,Business and Financial Operations,0
13-1081.02,logistics analysts,Business and Financial Operations,0
13-1081.01,logistics engineers,Business and Financial Operations,9
11-9199.08,loss prevention managers,Management,7
29-1122.01,low vision therapists orientation mobility specialists vision rehabilitation therapists,Healthcare Practitioners and Technical,4
53-7063.00,machine feeders offbearers,Transportation and Material Moving,0
51-4041.00,machinists,Production,0
29-2035.00,magnetic resonance imaging technologists,Healthcare Practitioners and Technical,0
37-2012.00,maids housekeeping cleaners,Building and Grounds Cleaning and Maintenance,0
43-9051.00,mail clerks mail machine operators except postal service,Office and Administrative Support,0
49-9071.00,maintenance repair workers general,"Installation, Maintenance, and Repair",0
49-9043.00,maintenance workers machinery,"Installation, Maintenance, and Repair",0
39-5091.00,makeup artists theatrical performance,Personal Care and Service,0
13-1111.00,management analysts,Business and Financial Operations,0
11-9199.00,managers,Management,7
39-5092.00,manicurists pedicurists,Personal Care and Service,0
49-9095.00,manufactured building mobile home installers,"Installation, Maintenance, and Repair",0
17-2112.03,manufacturing engineers,Architecture and Engineering,9
17-2121.00,marine engineers naval architects,Architecture and Engineering,9
13-1161.00,market research analysts marketing specialists,Business and Financial Operations,4
11-2021.00,marketing managers,Management,7
21-1013.00,marriage family therapists,Community and Social Service,0
31-9011.00,massage therapists,Healthcare Support,0
53-7199.00,material moving workers,Transportation and Material Moving,0
17-2131.00,materials engineers,Architecture and Engineering,9
19-2032.00,materials scientists,"Life, Physical, and Social Science",0
15-2099.00,mathematical science occupations,Computer and Mathematical,0
25-1022.00,mathematical science teachers postsecondary,Educational Instruction and Library,2
15-2021.00,mathematicians,Computer and Mathematical,0
51-3022.00,meat poultry fish cutters trimmers,Production,0
49-9011.00,mechanical door repairers,"Installation, Maintenance, and Repair",0
17-3013.00,mechanical drafters,Architecture and Engineering,0
17-3027.00,mechanical engineering technologists technicians,Architecture and Engineering,1
17-2141.00,mechanical engineers,Architecture and Engineering,9
17-2199.05,mechatronics engineers,Architecture and Engineering,9
27-4099.00,media communication equipment workers,"Arts, Design, Entertainment, Sports, and Media",5
27-3099.00,media communication workers,"Arts, Design, Entertainment, Sports, and Media",0
27-2012.03,media programming directors,"Arts, Design, Entertainment, Sports, and Media",0
27-2012.05,media technical directorsmanagers,"Arts, Design, Entertainment, Sports, and Media",3
29-2012.00,medical clinical laboratory technicians,Healthcare Practitioners and Technical,1
29-2011.00,medical clinical laboratory technologists,Healthcare Practitioners and Technical,0
11-9111.00,medical health services managers,Management,7
51-9082.00,medical appliance technicians,Production,1
31-9092.00,medical assistants,Healthcare Support,0
29-2036.00,medical dosimetrists,Healthcare Practitioners and Technical,0
31-9093.00,medical equipment preparers,Healthcare Support,5
49-9062.00,medical equipment repairers,"Installation, Maintenance, and Repair",5
29-2072.00,medical records specialists,Healthcare Practitioners and Technical,4
19-1042.00,medical scientists except epidemiologists,"Life, Physical, and Social Science",0
43-6013.00,medical secretaries administrative assistants,Office and Administrative Support,0
31-9094.00,medical transcriptionists,Healthcare Support,0
13-1121.00,meeting convention event planners,Business and Financial Operations,0
21-1023.00,mental health substance abuse social workers,Community and Social Service,0
21-1014.00,mental health counselors,Community and Social Service,0
27-1026.00,merchandise displayers window trimmers,"Arts, Design, Entertainment, Sports, and Media",0
51-4199.00,metal workers plastic workers,Production,0
51-4051.00,metalrefining furnace operators tenders,Production,0
43-5041.00,meter readers utilities,Office and Administrative Support,0
19-1022.00,microbiologists,"Life, Physical, and Social Science",0
17-2199.06,microsystems engineers,Architecture and Engineering,9
25-2022.00,middle school teachers except special careertechnical education,Educational Instruction and Library,6
29-9099.01,midwives,Healthcare Practitioners and Technical,0
55-3019.00,military enlisted tactical operations airweapons specialists crew members,Military Specific,4
55-1019.00,military officer special tactical operations leaders,Military Specific,0
51-4035.00,milling planing machine setters operators tenders metal plastic,Production,0
49-9044.00,millwrights,"Installation, Maintenance, and Repair",0
17-2151.00,mining geological engineers including mining safety engineers,Architecture and Engineering,9
51-9023.00,mixing blending machine setters operators tenders,Production,0
49-3042.00,mobile heavy equipment mechanics except engines,"Installation, Maintenance, and Repair",5
51-4061.00,model makers metal plastic,Production,0
51-7031.00,model makers wood,Production,0
41-9012.00,models,Sales and Related,0
51-9195.00,molders shapers casters except metal plastic,Production,0
51-4072.00,molding coremaking casting machine setters operators tenders metal plastic,Production,0
19-1029.02,molecular cellular biologists,"Life, Physical, and Social Science",0
39-4031.00,morticians undertakers funeral arrangers,Personal Care and Service,0
39-3021.00,motion picture projectionists,Personal Care and Service,0
53-3099.00,motor vehicle operators,Transportation and Material Moving,0
49-3051.00,motorboat mechanics service technicians,"Installation, Maintenance, and Repair",1
53-5022.00,motorboat operators,Transportation and Material Moving,0
49-3052.00,motorcycle mechanics,"Installation, Maintenance, and Repair",0
51-4081.00,multiple machine tool setters operators tenders metal plastic,Production,0
25-4013.00,museum technicians conservators,Educational Instruction and Library,1
27-2041.00,music directors composers,"Arts, Design, Entertainment, Sports, and Media",0
29-1129.02,music therapists,Healthcare Practitioners and Technical,0
49-9063.00,musical instrument repairers tuners,"Installation, Maintenance, and Repair",0
27-2042.00,musicians singers,"Arts, Design, Entertainment, Sports, and Media",0
39-9011.01,nannies,Personal Care and Service,0
17-2199.09,nanosystems engineers,Architecture and Engineering,9
17-3026.01,nanotechnology engineering technologists technicians,Architecture and Engineering,1
11-9121.00,natural sciences managers,Management,7
29-1299.01,naturopathic physicians,Healthcare Practitioners and Technical,0
15-1244.00,network computer systems administrators,Computer and Mathematical,0
29-2099.01,neurodiagnostic technologists,Healthcare Practitioners and Technical,0
29-1217.00,neurologists,Healthcare Practitioners and Technical,0
19-3039.02,neuropsychologists,"Life, Physical, and Social Science",0
43-4141.00,new accounts clerks,Office and Administrative Support,0
27-3023.00,news analysts reporters journalists,"Arts, Design, Entertainment, Sports, and Media",0
17-3029.01,nondestructive testing specialists,Architecture and Engineering,4
17-2161.00,nuclear engineers,Architecture and Engineering,9
29-2033.00,nuclear medicine technologists,Healthcare Practitioners and Technical,0
19-4051.02,nuclear monitoring technicians,"Life, Physical, and Social Science",1
51-8011.00,nuclear power reactor operators,Production,0
19-4051.00,nuclear technicians,"Life, Physical, and Social Science",1
29-1151.00,nurse anesthetists,Healthcare Practitioners and Technical,0
29-1161.00,nurse midwives,Healthcare Practitioners and Technical,0
29-1171.00,nurse practitioners,Healthcare Practitioners and Technical,0
31-1131.00,nursing assistants,Healthcare Support,0
25-1072.00,nursing instructors teachers postsecondary,Educational Instruction and Library,2
29-1218.00,obstetricians gynecologists,Healthcare Practitioners and Technical,0
19-5011.00,occupational health safety specialists,"Life, Physical, and Social Science",4
19-5012.00,occupational health safety technicians,"Life, Physical, and Social Science",1
29-1122.00,occupational therapists,Healthcare Practitioners and Technical,0
31-2012.00,occupational therapy aides,Healthcare Support,0
31-2011.00,occupational therapy assistants,Healthcare Support,0
43-9199.00,office administrative support workers,Office and Administrative Support,0
43-9061.00,office clerks general,Office and Administrative Support,0
43-9071.00,office machine operators except computer,Office and Administrative Support,0
13-1199.06,online merchants,Business and Financial Operations,0
47-2073.00,operating engineers construction equipment operators,Construction and Extraction,5
15-2031.00,operations research analysts,Computer and Mathematical,0
51-9083.00,ophthalmic laboratory technicians,Production,1
29-2057.00,ophthalmic medical technicians,Healthcare Practitioners and Technical,1
29-2099.05,ophthalmic medical technologists,Healthcare Practitioners and Technical,0
29-1241.00,ophthalmologists except pediatric,Healthcare Practitioners and Technical,0
29-2081.00,opticians dispensing,Healthcare Practitioners and Technical,0
29-1041.00,optometrists,Healthcare Practitioners and Technical,0
29-1022.00,oral maxillofacial surgeons,Healthcare Practitioners and Technical,0
43-4151.00,order clerks,Office and Administrative Support,0
31-1132.00,orderlies,Healthcare Support,0
29-1023.00,orthodontists,Healthcare Practitioners and Technical,0
29-1242.00,orthopedic surgeons except pediatric,Healthcare Practitioners and Technical,0
29-1299.02,orthoptists,Healthcare Practitioners and Technical,0
29-2091.00,orthotists prosthetists,Healthcare Practitioners and Technical,0
49-3053.00,outdoor power equipment small engine mechanics,"Installation, Maintenance, and Repair",5
51-9111.00,packaging filling machine operators tenders,Production,0
53-7064.00,packers packagers hand,Transportation and Material Moving,0
47-2141.00,painters construction maintenance,Construction and Extraction,0
51-9123.00,painting coating decorating workers,Production,0
51-9196.00,paper goods machine setters operators tenders,Production,0
47-2142.00,paperhangers,Construction and Extraction,0
23-2011.00,paralegals legal assistants,Legal,0
29-2043.00,paramedics,Healthcare Practitioners and Technical,0
19-1031.03,park naturalists,"Life, Physical, and Social Science",0
53-6021.00,parking attendants,Transportation and Material Moving,0
33-3041.00,parking enforcement workers,Protective Service,0
41-2022.00,parts salespersons,Sales and Related,0
53-6061.00,passenger attendants,Transportation and Material Moving,0
29-2099.08,patient representatives,Healthcare Practitioners and Technical,3
51-4062.00,patternmakers metal plastic,Production,0
51-7032.00,patternmakers wood,Production,0
47-2071.00,paving surfacing tamping equipment operators,Construction and Extraction,5
43-3051.00,payroll timekeeping clerks,Office and Administrative Support,0
29-1243.00,pediatric surgeons,Healthcare Practitioners and Technical,0
29-1221.00,pediatricians general,Healthcare Practitioners and Technical,0
15-1299.04,penetration testers,Computer and Mathematical,0
31-1122.00,personal care aides,Healthcare Support,0
39-9099.00,personal care service workers,Personal Care and Service,0
13-2052.00,personal financial advisors,Business and Financial Operations,0
11-9179.00,personal service managers,Management,7
37-2021.00,pest control workers,Building and Grounds Cleaning and Maintenance,0
37-3012.00,pesticide handlers sprayers applicators vegetation,Building and Grounds Cleaning and Maintenance,0
17-2171.00,petroleum engineers,Architecture and Engineering,9
51-8093.00,petroleum pump system operators refinery operators gaugers,Production,0
29-1051.00,pharmacists,Healthcare Practitioners and Technical,0
31-9095.00,pharmacy aides,Healthcare Support,0
29-2052.00,pharmacy technicians,Healthcare Practitioners and Technical,1
25-1126.00,philosophy religion teachers postsecondary,Educational Instruction and Library,2
31-9097.00,phlebotomists,Healthcare Support,0
27-4021.00,photographers,"Arts, Design, Entertainment, Sports, and Media",0
51-9151.00,photographic process workers processing machine operators,Production,0
17-2199.07,photonics engineers,Architecture and Engineering,9
17-3029.08,photonics technicians,Architecture and Engineering,1
29-1229.04,physical medicine rehabilitation physicians,Healthcare Practitioners and Technical,0
19-2099.00,physical scientists,"Life, Physical, and Social Science",0
31-2022.00,physical therapist aides,Healthcare Support,0
31-2021.00,physical therapist assistants,Healthcare Support,0
29-1123.00,physical therapists,Healthcare Practitioners and Technical,0
29-1071.00,physician assistants,Healthcare Practitioners and Technical,0
29-1229.00,physicians,Healthcare Practitioners and Technical,0
29-1222.00,physicians pathologists,Healthcare Practitioners and Technical,0
19-2012.00,physicists,"Life, Physical, and Social Science",0
25-1054.00,physics teachers postsecondary,Educational Instruction and Library,2
47-2072.00,pile driver operators,Construction and Extraction,0
47-2151.00,pipelayers,Construction and Extraction,0
51-8099.00,plant system operators,Production,0
47-2161.00,plasterers stucco masons,Construction and Extraction,0
51-4193.00,plating machine setters operators tenders metal plastic,Production,0
47-2152.00,plumbers pipefitters steamfitters,Construction and Extraction,0
29-1081.00,podiatrists,Healthcare Practitioners and Technical,0
27-3043.05,poets lyricists creative writers,"Arts, Design, Entertainment, Sports, and Media",0
33-3051.00,police sheriffs patrol officers,Protective Service,0
33-3021.02,police identification records officers,Protective Service,0
25-1065.00,political science teachers postsecondary,Educational Instruction and Library,2
19-3094.00,political scientists,"Life, Physical, and Social Science",0
43-5051.00,postal service clerks,Office and Administrative Support,0
43-5052.00,postal service mail carriers,Office and Administrative Support,0
43-5053.00,postal service mail sorters processors processing machine operators,Office and Administrative Support,0
11-9131.00,postmasters mail superintendents,Management,0
25-1199.00,postsecondary teachers,Educational Instruction and Library,2
51-9195.05,potters manufacturing,Production,0
51-4052.00,pourers casters metal,Production,0
51-8012.00,power distributors dispatchers,Production,0
51-8013.00,power plant operators,Production,0
19-4012.01,precision agriculture technicians,"Life, Physical, and Social Science",1
49-9069.00,precision instrument equipment repairers,"Installation, Maintenance, and Repair",5
51-5111.00,prepress technicians workers,Production,1
25-2011.00,preschool teachers except special education,Educational Instruction and Library,6
51-6021.00,pressers textile garment related materials,Production,0
29-1229.05,preventive medicine physicians,Healthcare Practitioners and Technical,0
51-5113.00,print binding finishing workers,Production,0
51-5112.00,printing press operators,Production,0
33-9021.00,private detectives investigators,Protective Service,0
21-1092.00,probation officers correctional treatment specialists,Community and Social Service,4
43-3061.00,procurement clerks,Office and Administrative Support,0
27-2012.00,producers directors,"Arts, Design, Entertainment, Sports, and Media",0
51-9199.00,production workers,Production,0
43-5061.00,production planning expediting clerks,Office and Administrative Support,0
13-1082.00,project management specialists,Business and Financial Operations,4
43-9081.00,proofreaders copy markers,Office and Administrative Support,0
11-9141.00,property real estate community association managers,Management,7
29-1024.00,prosthodontists,Healthcare Practitioners and Technical,0
33-9099.00,protective service workers,Protective Service,0
31-1133.00,psychiatric aides,Healthcare Support,0
29-2053.00,psychiatric technicians,Healthcare Practitioners and Technical,1
29-1223.00,psychiatrists,Healthcare Practitioners and Technical,0
19-3039.00,psychologists,"Life, Physical, and Social Science",0
25-1066.00,psychology teachers postsecondary,Educational Instruction and Library,2
11-2032.00,public relations managers,Management,7
27-3031.00,public relations specialists,"Arts, Design, Entertainment, Sports, and Media",4
43-5031.00,public safety telecommunicators,Office and Administrative Support,0
53-7072.00,pump operators except wellhead pumpers,Transportation and Material Moving,0
13-1023.00,purchasing agents except wholesale retail farm products,Business and Financial Operations,3
11-3061.00,purchasing managers,Management,7
19-4099.01,quality control analysts,"Life, Physical, and Social Science",0
11-3051.01,quality control systems managers,Management,7
29-1124.00,radiation therapists,Healthcare Practitioners and Technical,0
17-2072.01,radio frequency identification device specialists,Architecture and Engineering,4
49-2021.00,radio cellular tower equipment installers repairers,"Installation, Maintenance, and Repair",5
29-2034.00,radiologic technologists technicians,Healthcare Practitioners and Technical,1
29-1224.00,radiologists,Healthcare Practitioners and Technical,0
49-3043.00,rail car repairers,"Installation, Maintenance, and Repair",0
53-4099.00,rail transportation workers,Transportation and Material Moving,0
53-4013.00,rail yard engineers dinkey operators hostlers,Transportation and Material Moving,9
47-4061.00,railtrack laying maintenance equipment operators,Construction and Extraction,5
53-4022.00,railroad brake signal switch operators locomotive firers,Transportation and Material Moving,0
53-4031.00,railroad conductors yardmasters,Transportation and Material Moving,0
19-1031.02,range managers,"Life, Physical, and Social Science",7
41-9021.00,real estate brokers,Sales and Related,0
41-9022.00,real estate sales agents,Sales and Related,3
43-4171.00,receptionists information clerks,Office and Administrative Support,0
25-1193.00,recreation fitness studies teachers postsecondary,Educational Instruction and Library,2
39-9032.00,recreation workers,Personal Care and Service,0
29-1125.00,recreational therapists,Healthcare Practitioners and Technical,0
49-3092.00,recreational vehicle service technicians,"Installation, Maintenance, and Repair",1
53-7062.04,recycling reclamation workers,Transportation and Material Moving,0
53-1042.01,recycling coordinators,Transportation and Material Moving,0
49-9045.00,refractory materials repairers except brickmasons,"Installation, Maintenance, and Repair",0
53-7081.00,refuse recyclable material collectors,Transportation and Material Moving,0
29-1141.00,registered nurses,Healthcare Practitioners and Technical,0
11-9199.01,regulatory affairs managers,Management,7
13-1041.07,regulatory affairs specialists,Business and Financial Operations,4
21-1015.00,rehabilitation counselors,Community and Social Service,0
47-2171.00,reinforcing iron rebar workers,Construction and Extraction,0
21-2099.00,religious workers,Community and Social Service,0
19-2099.01,remote sensing scientists technologists,"Life, Physical, and Social Science",0
19-4099.03,remote sensing technicians,"Life, Physical, and Social Science",1
43-4181.00,reservation transportation ticket agents travel clerks,Office and Administrative Support,0
39-9041.00,residential advisors,Personal Care and Service,0
29-1126.00,respiratory therapists,Healthcare Practitioners and Technical,0
33-9099.02,retail loss prevention specialists,Protective Service,4
41-2031.00,retail salespersons,Sales and Related,0
49-9096.00,riggers,"Installation, Maintenance, and Repair",0
17-2199.08,robotics engineers,Architecture and Engineering,9
17-3024.01,robotics technicians,Architecture and Engineering,1
47-5051.00,rock splitters quarry,Construction and Extraction,0
51-4023.00,rolling machine setters operators tenders metal plastic,Production,0
47-5043.00,roof bolters mining,Construction and Extraction,0
47-2181.00,roofers,Construction and Extraction,0
47-5012.00,rotary drill operators oil gas,Construction and Extraction,0
47-5071.00,roustabouts oil gas,Construction and Extraction,0
53-5011.00,sailors marine oilers,Transportation and Material Moving,0
41-9099.00,sales related workers,Sales and Related,3
41-9031.00,sales engineers,Sales and Related,9
11-2022.00,sales managers,Management,7
41-3091.00,sales representatives services except advertising insurance financial services travel,Sales and Related,3
41-4012.00,sales representatives wholesale manufacturing except technical scientific products,Sales and Related,3
41-4011.00,sales representatives wholesale manufacturing technical scientific products,Sales and Related,3
51-7041.00,sawing machine setters operators tenders wood,Production,0
33-9094.00,school bus monitors,Protective Service,0
19-3034.00,school psychologists,"Life, Physical, and Social Science",0
13-1161.01,search marketing strategists,Business and Financial Operations,0
25-2031.00,secondary school teachers except special careertechnical education,Educational Instruction and Library,6
43-6014.00,secretaries administrative assistants except legal medical executive,Office and Administrative Support,0
41-3031.00,securities commodities financial services sales agents,Sales and Related,3
49-2098.00,security fire alarm systems installers,"Installation, Maintenance, and Repair",0
33-9032.00,security guards,Protective Service,0
13-1199.07,security management specialists,Business and Financial Operations,4
11-3013.01,security managers,Management,7
47-4091.00,segmental pavers,Construction and Extraction,0
25-3021.00,selfenrichment teachers,Educational Instruction and Library,2
51-9141.00,semiconductor processing technicians,Production,1
51-9012.00,separating filtering clarifying precipitating still machine setters operators tenders,Production,0
47-4071.00,septic tank servicers sewer pipe cleaners,Construction and Extraction,0
47-5013.00,service unit operators oil gas,Construction and Extraction,0
27-1027.00,set exhibit designers,"Arts, Design, Entertainment, Sports, and Media",0
51-6051.00,sewers hand,Production,0
51-6031.00,sewing machine operators,Production,0
39-5093.00,shampooers,Personal Care and Service,0
47-2211.00,sheet metal workers,Construction and Extraction,0
53-5031.00,ship engineers,Transportation and Material Moving,9
43-5071.00,shipping receiving inventory clerks,Office and Administrative Support,0
51-6041.00,shoe leather workers repairers,Production,0
51-6042.00,shoe machine operators tenders,Production,0
53-3053.00,shuttle drivers chauffeurs,Transportation and Material Moving,0
49-9097.00,signal track switch repairers,"Installation, Maintenance, and Repair",0
39-5094.00,skincare specialists,Personal Care and Service,4
51-3023.00,slaughterers meat packers,Production,0
11-9151.00,social community service managers,Management,7
21-1093.00,social human service assistants,Community and Social Service,0
19-4061.00,social science research assistants,"Life, Physical, and Social Science",0
25-1069.00,social sciences teachers postsecondary,Educational Instruction and Library,2
19-3099.00,social scientists related workers,"Life, Physical, and Social Science",0
25-1113.00,social work teachers postsecondary,Educational Instruction and Library,2
21-1029.00,social workers,Community and Social Service,0
19-3041.00,sociologists,"Life, Physical, and Social Science",0
25-1067.00,sociology teachers postsecondary,Educational Instruction and Library,2
15-1252.00,software developers,Computer and Mathematical,0
15-1253.00,software quality assurance analysts testers,Computer and Mathematical,0
19-1013.00,soil plant scientists,"Life, Physical, and Social Science",0
47-1011.03,solar energy installation managers,Construction and Extraction,7
17-2199.11,solar energy systems engineers,Architecture and Engineering,9
47-2231.00,solar photovoltaic installers,Construction and Extraction,0
41-4011.07,solar sales representatives assessors,Sales and Related,3
47-2152.04,solar thermal installers technicians,Construction and Extraction,1
27-4014.00,sound engineering technicians,"Arts, Design, Entertainment, Sports, and Media",1
11-9179.02,spa managers,Management,7
25-2059.00,special education teachers,Educational Instruction and Library,6
25-2056.00,special education teachers elementary school,Educational Instruction and Library,6
25-2055.00,special education teachers kindergarten,Educational Instruction and Library,6
25-2057.00,special education teachers middle school,Educational Instruction and Library,6
25-2051.00,special education teachers preschool,Educational Instruction and Library,6
25-2058.00,special education teachers secondary school,Educational Instruction and Library,6
27-1014.00,special effects artists animators,"Arts, Design, Entertainment, Sports, and Media",0
55-3018.00,special forces,Military Specific,6
55-1017.00,special forces officers,Military Specific,6
29-1127.00,speechlanguage pathologists,Healthcare Practitioners and Technical,0
31-9099.01,speechlanguage pathology assistants,Healthcare Support,0
29-1229.06,sports medicine physicians,Healthcare Practitioners and Technical,0
51-8021.00,stationary engineers boiler operators,Production,9
43-9111.00,statistical assistants,Office and Administrative Support,0
15-2041.00,statisticians,Computer and Mathematical,0
53-7065.00,stockers order fillers,Transportation and Material Moving,0
51-9195.03,stone cutters carvers manufacturing,Production,0
47-2022.00,stonemasons,Construction and Extraction,0
47-2221.00,structural iron steel workers,Construction and Extraction,0
51-2041.00,structural metal fabricators fitters,Production,0
21-1011.00,substance abuse behavioral disorder counselors,Community and Social Service,0
25-3031.00,substitute teachers shortterm,Educational Instruction and Library,0
53-4041.00,subway streetcar operators,Transportation and Material Moving,0
11-3071.04,supply chain managers,Management,7
29-1249.00,surgeons,Healthcare Practitioners and Technical,0
29-9093.00,surgical assistants,Healthcare Practitioners and Technical,0
29-2055.00,surgical technologists,Healthcare Practitioners and Technical,0
19-3022.00,survey researchers,"Life, Physical, and Social Science",0
17-3031.00,surveying mapping technicians,Architecture and Engineering,1
17-1022.00,surveyors,Architecture and Engineering,0
13-1199.05,sustainability specialists,Business and Financial Operations,4
43-2011.00,switchboard operators including answering service,Office and Administrative Support,0
51-6052.00,tailors dressmakers custom sewers,Production,0
27-2012.04,talent directors,"Arts, Design, Entertainment, Sports, and Media",0
53-7121.00,tank car truck ship loaders,Transportation and Material Moving,0
47-2082.00,tapers,Construction and Extraction,0
13-2081.00,tax examiners collectors revenue agents,Business and Financial Operations,0
13-2082.00,tax preparers,Business and Financial Operations,0
53-3054.00,taxi drivers,Transportation and Material Moving,0
25-3099.00,teachers instructors,Educational Instruction and Library,2
25-9049.00,teaching assistants,Educational Instruction and Library,0
25-9044.00,teaching assistants postsecondary,Educational Instruction and Library,2
25-9042.00,teaching assistants preschool elementary middle secondary school except special education,Educational Instruction and Library,6
25-9043.00,teaching assistants special education,Educational Instruction and Library,6
51-2092.00,team assemblers,Production,0
27-3042.00,technical writers,"Arts, Design, Entertainment, Sports, and Media",3
15-1241.01,telecommunications engineering specialists,Computer and Mathematical,4
49-2022.00,telecommunications equipment installers repairers except line installers,"Installation, Maintenance, and Repair",5
49-9052.00,telecommunications line installers repairers,"Installation, Maintenance, and Repair",0
41-9041.00,telemarketers,Sales and Related,0
43-2021.00,telephone operators,Office and Administrative Support,0
43-3071.00,tellers,Office and Administrative Support,0
47-2053.00,terrazzo workers finishers,Construction and Extraction,0
51-6061.00,textile bleaching dyeing machine operators tenders,Production,0
51-6062.00,textile cutting machine setters operators tenders,Production,0
51-6063.00,textile knitting weaving machine setters operators tenders,Production,0
51-6064.00,textile winding twisting drawing machine setters operators tenders,Production,0
51-6099.00,textile apparel furnishings workers,Production,0
29-1129.00,therapists,Healthcare Practitioners and Technical,0
47-2044.00,tile stone setters,Construction and Extraction,0
51-2061.00,timing device assemblers adjusters,Production,0
51-9197.00,tire builders,Production,0
49-3093.00,tire repairers changers,"Installation, Maintenance, and Repair",0
23-2093.00,title examiners abstractors searchers,Legal,0
51-4111.00,tool die makers,Production,0
51-4194.00,tool grinders filers sharpeners,Production,0
39-7011.00,tour guides escorts,Personal Care and Service,0
53-6041.00,traffic technicians,Transportation and Material Moving,1
11-3131.00,training development managers,Management,7
13-1151.00,training development specialists,Business and Financial Operations,4
33-3052.00,transit railroad police,Protective Service,0
17-2051.01,transportation engineers,Architecture and Engineering,9
53-6051.00,transportation inspectors,Transportation and Material Moving,0
19-3099.01,transportation planners,"Life, Physical, and Social Science",0
33-9093.00,transportation security screeners,Protective Service,0
53-6051.07,transportation vehicle equipment systems inspectors except aviation,Transportation and Material Moving,5
53-6099.00,transportation workers,Transportation and Material Moving,0
11-3071.00,transportation storage distribution managers,Management,7
41-3041.00,travel agents,Sales and Related,3
39-7012.00,travel guides,Personal Care and Service,0
11-3031.01,treasurers controllers,Management,0
37-3013.00,tree trimmers pruners,Building and Grounds Cleaning and Maintenance,0
25-3041.00,tutors,Educational Instruction and Library,0
27-2023.00,umpires referees sports officials,"Arts, Design, Entertainment, Sports, and Media",0
47-5049.00,underground mining machine operators,Construction and Extraction,0
51-6093.00,upholsterers,Production,0
19-3051.00,urban regional planners,"Life, Physical, and Social Science",0
29-1229.03,urologists,Healthcare Practitioners and Technical,0
39-3031.00,ushers lobby attendants ticket takers,Personal Care and Service,0
17-2112.02,validation engineers,Architecture and Engineering,9
29-1131.00,veterinarians,Healthcare Practitioners and Technical,0
31-9096.00,veterinary assistants laboratory animal caretakers,Healthcare Support,0
29-2056.00,veterinary technologists technicians,Healthcare Practitioners and Technical,1
15-1255.01,video game designers,Computer and Mathematical,0
35-3031.00,waiters waitresses,Food Preparation and Serving Related,0
49-9064.00,watch clock repairers,"Installation, Maintenance, and Repair",0
51-8031.00,water wastewater treatment plant system operators,Production,0
11-9121.02,water resource specialists,Management,4
17-2051.02,waterwastewater engineers,Architecture and Engineering,9
47-4099.03,weatherization installers technicians,Construction and Extraction,1
15-1299.01,web administrators,Computer and Mathematical,0
15-1255.00,web digital interface designers,Computer and Mathematical,0
15-1254.00,web developers,Computer and Mathematical,0
43-5111.00,weighers measurers checkers samplers recordkeeping,Office and Administrative Support,0
51-4121.00,welders cutters solderers brazers,Production,0
51-4122.00,welding soldering brazing machine setters operators tenders,Production,0
53-7073.00,wellhead pumpers,Transportation and Material Moving,0
13-1022.00,wholesale retail buyers except farm products,Business and Financial Operations,3
11-9199.10,wind energy development managers,Management,7
17-2199.10,wind energy engineers,Architecture and Engineering,9
11-9199.09,wind energy operations managers,Management,7
49-9081.00,wind turbine service technicians,"Installation, Maintenance, and Repair",1
51-7099.00,woodworkers,Production,0
51-7042.00,woodworking machine setters operators tenders except sawing,Production,0
43-9022.00,word processors typists,Office and Administrative Support,0
27-3043.00,writers authors,"Arts, Design, Entertainment, Sports, and Media",0
19-1023.00,zoologists wildlife biologists,"Life, Physical, and Social Science",0
